trackid,source,dis,calorie,end_time,run_time,avg_pace,avg_frequency,avg_heart_rate,type,location,city,forefoot_ratio,bind_device,max_pace,min_pace,version,altitude_ascend,altitude_descend,total_step,avg_stride_length,max_frequency,max_altitude,min_altitude,lap_distance,sync_to,distance_ascend,max_cadence,avg_cadence,landing_time,flight_ratio,climb_dis_descend,climb_dis_ascend_time,climb_dis_descend_time,child_list,parent_trackid,max_heart_rate,min_heart_rate,swolf,total_strokes,total_trips,avg_stroke_speed,max_stroke_speed,avg_distance_per_stroke,swim_pool_length,te,swim_style,unit,add_info,sport_mode,downhill_num,downhill_max_altitude_desend,strokes,fore_hand,back_hand,serve,second_half_start_time,pb,rope_skipping_count,rope_skipping_avg_frequency,rope_skipping_max_frequency,rope_skipping_rest_time,left_landing_time,left_flight_ratio,right_landing_time,right_flight_ratio,marathon,model,situps,downstairs_floors,downstairs_height,min_pressure,avg_temperature,max_temperature,min_temperature,exercise_load,total_swing,average_beat,average_up_time,average_down_time,average_angle,average_score,average_power,max_power,work_value,strength_training_group,freestyle_length,breast_stroke_length,butterfly_length,back_stroke_length,medley_length,other_stroke_length,sport_title,averageAirTemp,highestAirTemp,lowestAirTemp,feature,useDEM,bestRTPC,worstRTPC,averageRTPC,averageGlideRatio,difficultySystem,highestDifficulty,runningType,dailyPlanFinished,degreeOfCompletion,runningProgram,waterType,fusionSuccess,needFusion,hyroxRace,strengthScores,createTime,updateTime,originSummary,weatherInfo,totalScore,bestHole,totalputts,scoringMethod,totalStrokes,crossfitContent,anaerobic_te,target_type,target_value,total_group,devicesource,deviceid,sn,spo2_max,spo2_min,avg_altitude,max_slope,avg_slope,avg_pulloar_time,avg_return_time,floor_number,upstairs_height,min_upstairs_floors,accumulated_gap,auto_recognition,app_name,pause_time,heartrate_setting_type,rpe,heart_range,number_of_break,max_pressure,avg_pressure,course_title,VO2_max,lactateThresholdUpdateFlag,thirdPartyDataSource,thirdPartyWorkoutId,displayType,weight,highPrecisionDistance,completionTime,dailyScore,date
1776520205,run.8388865.huami.com,13300.0,1123.0,1776525217,5012,0.376842,154.0,163.0,8,eycef4cdkehh,,-1,0:MILI:8388865:0.110.18.2,0.329936,0.0,16,-1,-1,12864,103,164,-20000,-20000,-1,,-1,0,0,-1,0,-1,-1,-1,,-1,186,117,-1,-1,-1,-1.0,-1.0,-1.0,-1,44,-1,0,"{""upload_gps_permission"":""allow""}",0,-1,-1,-1,-1,-1,-1,-1,{},0,154,164,-1,-1,0,-1,0,,,0,0,-20000.0,-1,-274.0,-274.0,-274.0,292,-1,-1.0,-1.0,-1.0,-361,-1,-1.0,-1.0,-1.0,,-1,-1,-1,-1,-1,-1,,-1.0,-1.0,-1.0,1,False,21,21,21.0,0.0,0.0,0.0,0,False,0.0,0,0,0,0,,,1776526328635,1776526328635,,,0,0,0,0,0,,18,0,0,-1,8388865,C24E9EFFFE76C198,22122402108154,-1,-1,-20000.0,0,0,-1.0,-1.0,0,-20000.0,-1.0,-1,False,com.xiaomi.hm.health,-1,0,-1.0,"0,94;0,113;30,132;638,151;3272,170;1070,189",-1,-1,-1,,-1,0.0,,,,,,,,2026-04-18 13:50:05
1776366300,run.8388865.huami.com,5670.0,415.0,1776368407,2107,0.371605,153.0,150.0,8,eycef5u5xdq4,,-1,0:MILI:8388865:0.110.18.2,0.333976,0.0,16,-1,-1,5365,105,160,-20000,-20000,-1,,-1,0,0,-1,0,-1,-1,-1,,-1,180,106,-1,-1,-1,-1.0,-1.0,-1.0,-1,33,-1,0,"{""upload_gps_permission"":""allow""}",0,-1,-1,-1,-1,-1,-1,-1,{},0,153,160,-1,-1,0,-1,0,,,0,0,-20000.0,-1,-274.0,-274.0,-274.0,127,-1,-1.0,-1.0,-1.0,-361,-1,-1.0,-1.0,-1.0,,-1,-1,-1,-1,-1,-1,,-1.0,-1.0,-1.0,1,False,21,21,21.0,0.0,0.0,0.0,0,False,0.0,0,0,0,0,,,1776425877096,1776425877096,,,0,0,0,0,0,,4,0,0,-1,8388865,C24E9EFFFE76C198,22122402108154,-1,-1,-20000.0,0,0,-1.0,-1.0,0,-20000.0,-1.0,-1,False,com.xiaomi.hm.health,-1,0,-1.0,"0,94;16,113;361,132;746,151;726,170;236,189",-1,-1,-1,,-1,0.0,,,,,,,,2026-04-16 19:05:00
1776109198,run.8388865.huami.com,0.0,62.0,1776109566,368,0.0,0.0,138.0,16,eycef5u78qny,,-1,0:MILI:8388865:0.110.18.2,0.0,0.0,16,-1,-1,0,0,0,-20000,-20000,-1,,-1,0,0,-1,0,-1,-1,-1,,-1,163,109,-1,-1,-1,-1.0,-1.0,-1.0,-1,12,-1,0,"{""upload_gps_permission"":""allow""}",0,-1,-1,-1,-1,-1,-1,-1,{},0,0,0,-1,-1,0,-1,0,,,0,0,-20000.0,-1,-274.0,-274.0,-274.0,17,-1,-1.0,-1.0,-1.0,-361,-1,-1.0,-1.0,-1.0,,-1,-1,-1,-1,-1,-1,,-1.0,-1.0,-1.0,1,False,21,21,21.0,0.0,0.0,0.0,0,False,0.0,0,0,0,0,,,1776335870567,1776335870567,,,0,0,0,0,0,,3,0,0,-1,8388865,C24E9EFFFE76C198,22122402108154,-1,-1,-20000.0,0,0,-1.0,-1.0,0,-20000.0,-1.0,-1,False,com.xiaomi.hm.health,-1,0,-1.0,"0,94;24,113;83,132;176,151;63,170;0,189",-1,-1,-1,,-1,0.0,,,0.0,,,,,2026-04-13 19:39:58
1776107153,run.8388865.huami.com,5350.0,415.0,1776109166,2013,0.376262,148.0,155.0,8,eycef5u78qny,,-1,0:MILI:8388865:0.110.18.2,0.246708,0.0,16,-1,-1,4956,107,162,-20000,-20000,-1,,-1,0,0,-1,0,-1,-1,-1,,-1,176,114,-1,-1,-1,-1.0,-1.0,-1.0,-1,33,-1,0,"{""upload_gps_permission"":""allow""}",0,-1,-1,-1,-1,-1,-1,-1,{},0,148,162,-1,-1,0,-1,0,,,0,0,-20000.0,-1,-274.0,-274.0,-274.0,121,-1,-1.0,-1.0,-1.0,-361,-1,-1.0,-1.0,-1.0,,-1,-1,-1,-1,-1,-1,,-1.0,-1.0,-1.0,1,False,21,21,21.0,0.0,0.0,0.0,0,False,0.0,0,0,0,0,,,1776335871130,1776335871130,,,0,0,0,0,0,,3,0,0,-1,8388865,C24E9EFFFE76C198,22122402108154,-1,-1,-20000.0,0,0,-1.0,-1.0,0,-20000.0,-1.0,-1,False,com.xiaomi.hm.health,-1,0,-1.0,"0,94;0,113;203,132;516,151;1042,170;235,189",-1,-1,-1,,-1,0.0,,,,,,,,2026-04-13 19:05:53
1775912855,run.8388865.huami.com,12020.0,1078.0,1775917452,4597,0.382446,155.0,168.0,8,eycef5u5x7p1,,-1,0:MILI:8388865:0.110.18.2,0.308769,0.0,16,-1,-1,11846,101,162,-20000,-20000,-1,,-1,0,0,-1,0,-1,-1,-1,,-1,192,117,-1,-1,-1,-1.0,-1.0,-1.0,-1,49,-1,0,"{""upload_gps_permission"":""allow""}",0,-1,-1,-1,-1,-1,-1,-1,{},0,155,162,-1,-1,0,-1,0,,,0,0,-20000.0,-1,-274.0,-274.0,-274.0,396,-1,-1.0,-1.0,-1.0,-361,-1,-1.0,-1.0,-1.0,,-1,-1,-1,-1,-1,-1,,-1.0,-1.0,-1.0,1,False,21,21,21.0,0.0,0.0,0.0,0,False,0.0,0,0,0,0,,,1775956862849,1775956862849,,,0,0,0,0,0,,34,0,0,-1,8388865,C24E9EFFFE76C198,22122402108154,-1,-1,-20000.0,0,0,-1.0,-1.0,0,-20000.0,-1.0,-1,False,com.xiaomi.hm.health,-1,0,,"0,94;0,113;39,132;445,151;1811,170;2280,189",-1,-1,-1,,-1,,,,,,,,,2026-04-11 13:07:35
1775764217,run.8388865.huami.com,0.0,67.0,1775764602,385,0.0,0.0,139.0,16,eycef5u58hdf,,-1,0:MILI:8388865:0.110.18.2,0.0,0.0,16,-1,-1,0,0,0,-20000,-20000,-1,,-1,0,0,-1,0,-1,-1,-1,,-1,160,120,-1,-1,-1,-1.0,-1.0,-1.0,-1,14,-1,0,"{""upload_gps_permission"":""allow""}",0,-1,-1,-1,-1,-1,-1,-1,{},0,0,0,-1,-1,0,-1,0,,,0,0,-20000.0,-1,-274.0,-274.0,-274.0,19,-1,-1.0,-1.0,-1.0,-361,-1,-1.0,-1.0,-1.0,,-1,-1,-1,-1,-1,-1,,-1.0,-1.0,-1.0,1,False,21,21,21.0,0.0,0.0,0.0,0,False,0.0,0,0,0,0,,,1775766846570,1775766846570,,,0,0,0,0,0,,2,0,0,-1,8388865,C24E9EFFFE76C198,22122402108154,-1,-1,-20000.0,0,0,-1.0,-1.0,0,-20000.0,-1.0,-1,False,com.xiaomi.hm.health,-1,0,,"0,94;0,113;56,132;273,151;35,170;0,189",-1,-1,-1,,-1,,,,0.0,,,,,2026-04-09 19:50:17
1775761885,run.8388865.huami.com,6000.0,397.0,1775764037,2152,0.358667,155.0,143.0,8,eycef5u58hdf,,-1,0:MILI:8388865:0.110.18.2,0.321911,0.0,16,-1,-1,5553,108,166,-20000,-20000,-1,,-1,0,0,-1,0,-1,-1,-1,,-1,160,93,-1,-1,-1,-1.0,-1.0,-1.0,-1,30,-1,0,"{""upload_gps_permission"":""allow""}",0,-1,-1,-1,-1,-1,-1,-1,{},0,155,166,-1,-1,0,-1,0,,,0,0,-20000.0,-1,-274.0,-274.0,-274.0,86,-1,-1.0,-1.0,-1.0,-361,-1,-1.0,-1.0,-1.0,,-1,-1,-1,-1,-1,-1,,-1.0,-1.0,-1.0,1,False,21,21,21.0,0.0,0.0,0.0,0,False,0.0,0,0,0,0,,,1775766848204,1775766848204,,,0,0,0,0,0,,1,0,0,-1,8388865,C24E9EFFFE76C198,22122402108154,-1,-1,-20000.0,0,0,-1.0,-1.0,0,-20000.0,-1.0,-1,False,com.xiaomi.hm.health,-1,0,,"1,94;33,113;188,132;1453,151;464,170;0,189",-1,-1,-1,,-1,,,,,,,,,2026-04-09 19:11:25
1775591912,run.8388865.huami.com,4750.0,331.0,1775593779,1867,0.393053,146.0,140.0,8,eycef4cednty,,-1,0:MILI:8388865:0.110.18.2,0.269695,0.0,16,-1,-1,4554,104,164,-20000,-20000,-1,,-1,0,0,-1,0,-1,-1,-1,,-1,169,108,-1,-1,-1,-1.0,-1.0,-1.0,-1,28,-1,0,"{""upload_gps_permission"":""allow""}",0,-1,-1,-1,-1,-1,-1,-1,{},0,146,164,-1,-1,0,-1,0,,,0,0,-20000.0,-1,-274.0,-274.0,-274.0,74,-1,-1.0,-1.0,-1.0,-361,-1,-1.0,-1.0,-1.0,,-1,-1,-1,-1,-1,-1,,-1.0,-1.0,-1.0,1,False,21,21,21.0,0.0,0.0,0.0,0,False,0.0,0,0,0,0,,,1775594050246,1775594050246,,,0,0,0,0,0,,2,0,0,-1,8388865,C24E9EFFFE76C198,22122402108154,-1,-1,-20000.0,0,0,-1.0,-1.0,0,-20000.0,-1.0,-1,False,com.xiaomi.hm.health,-1,0,,"0,94;110,113;530,132;512,151;692,170;0,189",-1,-1,-1,,-1,,,,,,,,,2026-04-07 19:58:32
1775384582,run.8388865.huami.com,10000.0,830.0,1775388181,3599,0.3599,156.0,166.0,8,eycef5u5x9bz,,-1,0:MILI:8388865:0.110.18.2,0.278086,0.0,16,-1,-1,9335,107,164,-20000,-20000,-1,,-1,0,0,-1,0,-1,-1,-1,,-1,195,89,-1,-1,-1,-1.0,-1.0,-1.0,-1,48,-1,0,"{""upload_gps_permission"":""allow""}",0,-1,-1,-1,-1,-1,-1,-1,{},0,156,164,-1,-1,0,-1,0,,,0,0,-20000.0,-1,-274.0,-274.0,-274.0,360,-1,-1.0,-1.0,-1.0,-361,-1,-1.0,-1.0,-1.0,,-1,-1,-1,-1,-1,-1,,-1.0,-1.0,-1.0,1,False,21,21,21.0,0.0,0.0,0.0,0,False,0.0,0,0,0,0,,,1775424856014,1775424856014,,,0,0,0,0,0,,28,0,0,-1,8388865,C24E9EFFFE76C198,22122402108154,-1,-1,-20000.0,0,0,-1.0,-1.0,0,-20000.0,-1.0,-1,False,com.xiaomi.hm.health,-1,0,,"6,94;18,113;46,132;446,151;1719,170;1359,189",-1,-1,-1,,-1,,,,,,,,,2026-04-05 10:23:02
1775219028,run.8388865.huami.com,0.0,81.0,1775219540,512,0.0,0.0,131.0,16,eycef5u5x9dm,,-1,0:MILI:8388865:0.110.18.2,0.0,0.0,16,-1,-1,0,0,0,-20000,-20000,-1,,-1,0,0,-1,0,-1,-1,-1,,-1,145,115,-1,-1,-1,-1.0,-1.0,-1.0,-1,13,-1,0,"{""upload_gps_permission"":""allow""}",0,-1,-1,-1,-1,-1,-1,-1,{},0,0,0,-1,-1,0,-1,0,,,0,0,-20000.0,-1,-274.0,-274.0,-274.0,17,-1,-1.0,-1.0,-1.0,-361,-1,-1.0,-1.0,-1.0,,-1,-1,-1,-1,-1,-1,,-1.0,-1.0,-1.0,1,False,21,21,21.0,0.0,0.0,0.0,0,False,0.0,0,0,0,0,,,1775244296179,1775244296179,,,0,0,0,0,0,,1,0,0,-1,8388865,C24E9EFFFE76C198,22122402108154,-1,-1,-20000.0,0,0,-1.0,-1.0,0,-20000.0,-1.0,-1,False,com.xiaomi.hm.health,-1,0,,"0,94;0,113;258,132;233,151;0,170;0,189",-1,-1,-1,,-1,,,,0.0,,,,,2026-04-03 12:23:48
1775216454,run.8388865.huami.com,6720.0,521.0,1775218902,2448,0.364286,154.0,158.0,8,eycef5u5x9dm,,-1,0:MILI:8388865:0.110.18.2,0.244582,0.0,16,-1,-1,6278,107,164,-20000,-20000,-1,,-1,0,0,-1,0,-1,-1,-1,,-1,180,124,-1,-1,-1,-1.0,-1.0,-1.0,-1,36,-1,0,"{""upload_gps_permission"":""allow""}",0,-1,-1,-1,-1,-1,-1,-1,{},0,154,164,-1,-1,0,-1,0,,,0,0,-20000.0,-1,-274.0,-274.0,-274.0,160,-1,-1.0,-1.0,-1.0,-361,-1,-1.0,-1.0,-1.0,,-1,-1,-1,-1,-1,-1,,-1.0,-1.0,-1.0,1,False,21,21,21.0,0.0,0.0,0.0,0,False,0.0,0,0,0,0,,,1775244297924,1775244297924,,,0,0,0,0,0,,5,0,0,-1,8388865,C24E9EFFFE76C198,22122402108154,-1,-1,-20000.0,0,0,-1.0,-1.0,0,-20000.0,-1.0,-1,False,com.xiaomi.hm.health,-1,0,,"0,94;0,113;116,132;377,151;1686,170;248,189",-1,-1,-1,,-1,,,,,,,,,2026-04-03 11:40:54
1775068997,run.8388865.huami.com,0.0,150.0,1775069939,942,0.0,0.0,131.0,16,eycef4ceyxfn,,-1,0:MILI:8388865:0.110.18.2,0.0,0.0,16,-1,-1,0,0,0,-20000,-20000,-1,,-1,0,0,-1,0,-1,-1,-1,,-1,163,110,-1,-1,-1,-1.0,-1.0,-1.0,-1,20,-1,0,"{""upload_gps_permission"":""allow""}",0,-1,-1,-1,-1,-1,-1,-1,{},0,0,0,-1,-1,0,-1,0,,,0,0,-20000.0,-1,-274.0,-274.0,-274.0,27,-1,-1.0,-1.0,-1.0,-361,-1,-1.0,-1.0,-1.0,,-1,-1,-1,-1,-1,-1,,-1.0,-1.0,-1.0,1,False,21,21,21.0,0.0,0.0,0.0,0,False,0.0,0,0,0,0,,,1775071092370,1775071092370,,,0,0,0,0,0,,3,0,0,-1,8388865,C24E9EFFFE76C198,22122402108154,-1,-1,-20000.0,0,0,-1.0,-1.0,0,-20000.0,-1.0,-1,False,com.xiaomi.hm.health,-1,0,,"0,94;25,113;535,132;269,151;92,170;0,189",-1,-1,-1,,-1,,,,0.0,,,,,2026-04-01 18:43:17
1775067099,run.8388865.huami.com,5000.0,371.0,1775068953,1854,0.3708,153.0,151.0,8,eycef4ceyxfn,,-1,0:MILI:8388865:0.110.18.2,0.329498,0.0,16,-1,-1,4722,105,160,-20000,-20000,-1,,-1,0,0,-1,0,-1,-1,-1,,-1,167,105,-1,-1,-1,-1.0,-1.0,-1.0,-1,31,-1,0,"{""upload_gps_permission"":""allow""}",0,-1,-1,-1,-1,-1,-1,-1,{},0,153,160,-1,-1,0,-1,0,,,0,0,-20000.0,-1,-274.0,-274.0,-274.0,99,-1,-1.0,-1.0,-1.0,-361,-1,-1.0,-1.0,-1.0,,-1,-1,-1,-1,-1,-1,,-1.0,-1.0,-1.0,1,False,21,21,21.0,0.0,0.0,0.0,0,False,0.0,0,0,0,0,,,1775071092906,1775071092906,,,0,0,0,0,0,,1,0,0,-1,8388865,C24E9EFFFE76C198,22122402108154,-1,-1,-20000.0,0,0,-1.0,-1.0,0,-20000.0,-1.0,-1,False,com.xiaomi.hm.health,-1,0,,"0,94;6,113;150,132;567,151;1111,170;0,189",-1,-1,-1,,-1,,,,,,,,,2026-04-01 18:11:39
1774982444,run.8388865.huami.com,6000.0,455.0,1774984695,2251,0.375167,152.0,153.0,8,eycef5u5x949,,-1,0:MILI:8388865:0.110.18.2,0.311155,0.0,16,-1,-1,5706,105,164,-20000,-20000,-1,,-1,0,0,-1,0,-1,-1,-1,,-1,173,127,-1,-1,-1,-1.0,-1.0,-1.0,-1,32,-1,0,"{""upload_gps_permission"":""allow""}",0,-1,-1,-1,-1,-1,-1,-1,{},0,152,164,-1,-1,0,-1,0,,,0,0,-20000.0,-1,-274.0,-274.0,-274.0,105,-1,-1.0,-1.0,-1.0,-361,-1,-1.0,-1.0,-1.0,,-1,-1,-1,-1,-1,-1,,-1.0,-1.0,-1.0,1,False,21,21,21.0,0.0,0.0,0.0,0,False,0.0,0,0,0,0,,,1774999467526,1774999467526,,,0,0,0,0,0,,1,0,0,-1,8388865,C24E9EFFFE76C198,22122402108154,-1,-1,-20000.0,0,0,-1.0,-1.0,0,-20000.0,-1.0,-1,False,com.xiaomi.hm.health,-1,0,,"0,94;0,113;2,132;842,151;1372,170;13,189",-1,-1,-1,,-1,,,,,,,,,2026-03-31 18:40:44
1774010051,run.8388865.huami.com,0.0,127.0,1774010836,785,0.0,0.0,133.0,16,eycef5u5x2rh,,-1,0:MILI:8388865:0.110.18.2,0.0,0.0,16,-1,-1,0,0,0,-20000,-20000,-1,,-1,0,0,-1,0,-1,-1,-1,,-1,154,118,-1,-1,-1,-1.0,-1.0,-1.0,-1,17,-1,0,"{""upload_gps_permission"":""allow""}",0,-1,-1,-1,-1,-1,-1,-1,{},0,0,0,-1,-1,0,-1,0,,,0,0,-20000.0,-1,-274.0,-274.0,-274.0,25,-1,-1.0,-1.0,-1.0,-361,-1,-1.0,-1.0,-1.0,,-1,-1,-1,-1,-1,-1,,-1.0,-1.0,-1.0,1,False,21,21,21.0,0.0,0.0,0.0,0,False,0.0,0,0,0,0,,,1774027888332,1774027888332,,,0,0,0,0,0,,2,0,0,-1,8388865,C24E9EFFFE76C198,22122402108154,-1,-1,-20000.0,0,0,-1.0,-1.0,0,-20000.0,-1.0,-1,False,com.xiaomi.hm.health,-1,0,,"0,94;0,113;390,132;360,151;14,170;0,189",-1,-1,-1,,-1,,,,0.0,,,,,2026-03-20 12:34:11
1774006043,run.8388865.huami.com,10190.0,904.0,1774010003,3960,0.388616,154.0,165.0,8,eycef5u5x2rh,,-1,0:MILI:8388865:0.110.18.2,0.222451,0.0,16,-1,-1,10167,100,160,-20000,-20000,-1,,-1,0,0,-1,0,-1,-1,-1,,-1,185,124,-1,-1,-1,-1.0,-1.0,-1.0,-1,43,-1,0,"{""upload_gps_permission"":""allow""}",0,-1,-1,-1,-1,-1,-1,-1,{},0,154,160,-1,-1,0,-1,0,,,0,0,-20000.0,-1,-274.0,-274.0,-274.0,250,-1,-1.0,-1.0,-1.0,-361,-1,-1.0,-1.0,-1.0,,-1,-1,-1,-1,-1,-1,,-1.0,-1.0,-1.0,1,False,21,21,21.0,0.0,0.0,0.0,0,False,0.0,0,0,0,0,,,1774027890461,1774027890461,,,0,0,0,0,0,,23,0,0,-1,8388865,C24E9EFFFE76C198,22122402108154,-1,-1,-20000.0,0,0,-1.0,-1.0,0,-20000.0,-1.0,-1,False,com.xiaomi.hm.health,-1,0,,"0,94;0,113;47,132;337,151;2027,170;1527,189",-1,-1,-1,,-1,,,,,,,,,2026-03-20 11:27:23
1773923950,run.8388865.huami.com,0.0,146.0,1773924875,925,0.0,0.0,131.0,16,eycef5gfvdd5,,-1,0:MILI:8388865:0.110.18.2,0.0,0.0,16,-1,-1,0,0,0,-20000,-20000,-1,,-1,0,0,-1,0,-1,-1,-1,,-1,167,102,-1,-1,-1,-1.0,-1.0,-1.0,-1,20,-1,0,"{""upload_gps_permission"":""allow""}",0,-1,-1,-1,-1,-1,-1,-1,{},0,0,0,-1,-1,0,-1,0,,,0,0,-20000.0,-1,-274.0,-274.0,-274.0,30,-1,-1.0,-1.0,-1.0,-361,-1,-1.0,-1.0,-1.0,,-1,-1,-1,-1,-1,-1,,-1.0,-1.0,-1.0,1,False,21,21,21.0,0.0,0.0,0.0,0,False,0.0,0,0,0,0,,,1773939469434,1773939469434,,,0,0,0,0,0,,6,0,0,-1,8388865,C24E9EFFFE76C198,22122402108154,-1,-1,-20000.0,0,0,-1.0,-1.0,0,-20000.0,-1.0,-1,False,com.xiaomi.hm.health,-1,0,,"0,94;43,113;529,132;247,151;83,170;0,189",-1,-1,-1,,-1,,,,0.0,,,,,2026-03-19 12:39:10
1773922041,run.8388865.huami.com,5010.0,389.0,1773923930,1889,0.377046,154.0,154.0,8,eycef5gfvdd5,,-1,0:MILI:8388865:0.110.18.2,0.218523,0.0,16,-1,-1,4837,103,166,-20000,-20000,-1,,-1,0,0,-1,0,-1,-1,-1,,-1,179,78,-1,-1,-1,-1.0,-1.0,-1.0,-1,32,-1,0,"{""upload_gps_permission"":""allow""}",0,-1,-1,-1,-1,-1,-1,-1,{},0,154,166,-1,-1,0,-1,0,,,0,0,-20000.0,-1,-274.0,-274.0,-274.0,117,-1,-1.0,-1.0,-1.0,-361,-1,-1.0,-1.0,-1.0,,-1,-1,-1,-1,-1,-1,,-1.0,-1.0,-1.0,1,False,21,21,21.0,0.0,0.0,0.0,0,False,0.0,0,0,0,0,,,1773939470482,1773939470482,,,0,0,0,0,0,,2,0,0,-1,8388865,C24E9EFFFE76C198,22122402108154,-1,-1,-20000.0,0,0,-1.0,-1.0,0,-20000.0,-1.0,-1,False,com.xiaomi.hm.health,-1,0,,"4,94;22,113;124,132;447,151;1118,170;169,189",-1,-1,-1,,-1,,,,,,,,,2026-03-19 12:07:21
1773777833,run.8388865.huami.com,0.0,78.0,1773778374,538,0.0,0.0,125.0,16,eycef5u5x2ne,,-1,0:MILI:8388865:0.110.18.2,0.0,0.0,16,-1,-1,0,0,0,-20000,-20000,-1,,-1,0,0,-1,0,-1,-1,-1,,-1,140,111,-1,-1,-1,-1.0,-1.0,-1.0,-1,9,-1,0,"{""upload_gps_permission"":""allow""}",0,-1,-1,-1,-1,-1,-1,-1,{},0,0,0,-1,-1,0,-1,0,,,0,0,-20000.0,-1,-274.0,-274.0,-274.0,13,-1,-1.0,-1.0,-1.0,-361,-1,-1.0,-1.0,-1.0,,-1,-1,-1,-1,-1,-1,,-1.0,-1.0,-1.0,1,False,21,21,21.0,0.0,0.0,0.0,0,False,0.0,0,0,0,0,,,1773793799172,1773793799172,,,0,0,0,0,0,,1,0,0,-1,8388865,C24E9EFFFE76C198,22122402108154,-1,-1,-20000.0,0,0,-1.0,-1.0,0,-20000.0,-1.0,-1,False,com.xiaomi.hm.health,3,0,,"0,94;38,113;399,132;81,151;0,170;0,189",-1,-1,-1,,-1,,,,0.0,,,,,2026-03-17 20:03:53
1773775969,run.8388865.huami.com,4770.0,390.0,1773777773,1804,0.378197,152.0,160.0,8,eycef5u5x2ne,,-1,0:MILI:8388865:0.110.18.2,0.306519,0.0,16,-1,-1,4556,104,162,-20000,-20000,-1,,-1,0,0,-1,0,-1,-1,-1,,-1,180,119,-1,-1,-1,-1.0,-1.0,-1.0,-1,32,-1,0,"{""upload_gps_permission"":""allow""}",0,-1,-1,-1,-1,-1,-1,-1,{},0,152,162,-1,-1,0,-1,0,,,0,0,-20000.0,-1,-274.0,-274.0,-274.0,115,-1,-1.0,-1.0,-1.0,-361,-1,-1.0,-1.0,-1.0,,-1,-1,-1,-1,-1,-1,,-1.0,-1.0,-1.0,1,False,21,21,21.0,0.0,0.0,0.0,0,False,0.0,0,0,0,0,,,1773793800245,1773793800245,,,0,0,0,0,0,,1,0,0,-1,8388865,C24E9EFFFE76C198,22122402108154,-1,-1,-20000.0,0,0,-1.0,-1.0,0,-20000.0,-1.0,-1,False,com.xiaomi.hm.health,-1,0,,"0,94;0,113;49,132;554,151;519,170;659,189",-1,-1,-1,,-1,,,,,,,,,2026-03-17 19:32:49
1773775638,run.8388865.huami.com,470.0,25.0,1773775930,292,0.621277,110.0,93.0,8,eycef5u5x2ne,,-1,0:MILI:8388865:0.110.18.2,0.571179,0.0,16,-1,-1,540,87,117,-20000,-20000,-1,,-1,0,0,-1,0,-1,-1,-1,,-1,100,87,-1,-1,-1,-1.0,-1.0,-1.0,-1,1,-1,0,"{""upload_gps_permission"":""allow""}",0,-1,-1,-1,-1,-1,-1,-1,{},0,110,117,-1,-1,0,-1,0,,,0,0,-20000.0,-1,-274.0,-274.0,-274.0,1,-1,-1.0,-1.0,-1.0,-361,-1,-1.0,-1.0,-1.0,,-1,-1,-1,-1,-1,-1,,-1.0,-1.0,-1.0,1,False,21,21,21.0,0.0,0.0,0.0,0,False,0.0,0,0,0,0,,,1773793799379,1773793799379,,,0,0,0,0,0,,0,0,0,-1,8388865,C24E9EFFFE76C198,22122402108154,-1,-1,-20000.0,0,0,-1.0,-1.0,0,-20000.0,-1.0,-1,False,com.xiaomi.hm.health,-1,0,,"171,94;99,113;0,132;0,151;0,170;0,189",-1,-1,-1,,-1,,,,,,,,,2026-03-17 19:27:18
1773690888,run.8388865.huami.com,4690.0,376.0,1773692701,1813,0.386567,154.0,156.0,8,eycef5u5x849,,-1,0:MILI:8388865:0.110.18.2,0.33535,0.0,16,-1,-1,4652,100,164,-20000,-20000,-1,,-1,0,0,-1,0,-1,-1,-1,,-1,178,137,-1,-1,-1,-1.0,-1.0,-1.0,-1,31,-1,0,"{""upload_gps_permission"":""allow""}",0,-1,-1,-1,-1,-1,-1,-1,{},0,154,164,-1,-1,0,-1,0,,,0,0,-20000.0,-1,-274.0,-274.0,-274.0,95,-1,-1.0,-1.0,-1.0,-361,-1,-1.0,-1.0,-1.0,,-1,-1,-1,-1,-1,-1,,-1.0,-1.0,-1.0,1,False,21,21,21.0,0.0,0.0,0.0,0,False,0.0,0,0,0,0,,,1773706313707,1773706313707,,,0,0,0,0,0,,1,0,0,-1,8388865,C24E9EFFFE76C198,22122402108154,-1,-1,-20000.0,0,0,-1.0,-1.0,0,-20000.0,-1.0,-1,False,com.xiaomi.hm.health,-1,0,,"0,94;0,113;0,132;328,151;1329,170;134,189",-1,-1,-1,,-1,,,,,,,,,2026-03-16 19:54:48
1773496034,run.8388865.huami.com,9110.0,723.0,1773499640,3606,0.395829,155.0,150.0,8,eycef5u5rxf4,,-1,0:MILI:8388865:0.110.18.2,0.359502,0.0,16,-1,-1,9318,97,164,-20000,-20000,-1,,-1,0,0,-1,0,-1,-1,-1,,-1,177,93,-1,-1,-1,-1.0,-1.0,-1.0,-1,39,-1,0,"{""upload_gps_permission"":""allow""}",0,-1,-1,-1,-1,-1,-1,-1,{},0,155,164,-1,-1,0,-1,0,,,0,0,-20000.0,-1,-274.0,-274.0,-274.0,189,-1,-1.0,-1.0,-1.0,-361,-1,-1.0,-1.0,-1.0,,-1,-1,-1,-1,-1,-1,,-1.0,-1.0,-1.0,1,False,21,21,21.0,0.0,0.0,0.0,0,False,0.0,0,0,0,0,,,1773525851948,1773525851948,,,0,0,0,0,0,,1,0,0,-1,8388865,C24E9EFFFE76C198,22122402108154,-1,-1,-20000.0,0,0,-1.0,-1.0,0,-20000.0,-1.0,-1,False,com.xiaomi.hm.health,-1,0,,"0,94;19,113;311,132;1466,151;1371,170;436,189",-1,-1,-1,,-1,,,,,,,,,2026-03-14 13:47:14
1773086578,run.8388865.huami.com,0.0,156.0,1773087618,1040,0.0,0.0,127.0,16,eycef5u5rwz7,,-1,0:MILI:8388865:0.110.18.2,0.0,0.0,16,-1,-1,0,0,0,-20000,-20000,-1,,-1,0,0,-1,0,-1,-1,-1,,-1,163,106,-1,-1,-1,-1.0,-1.0,-1.0,-1,16,-1,0,"{""upload_gps_permission"":""allow""}",0,-1,-1,-1,-1,-1,-1,-1,{},0,0,0,-1,-1,0,-1,0,,,0,0,-20000.0,-1,-274.0,-274.0,-274.0,24,-1,-1.0,-1.0,-1.0,-361,-1,-1.0,-1.0,-1.0,,-1,-1,-1,-1,-1,-1,,-1.0,-1.0,-1.0,1,False,21,21,21.0,0.0,0.0,0.0,0,False,0.0,0,0,0,0,,,1773108261122,1773108261122,,,0,0,0,0,0,,4,0,0,-1,8388865,C24E9EFFFE76C198,22122402108154,-1,-1,-20000.0,0,0,-1.0,-1.0,0,-20000.0,-1.0,-1,False,com.xiaomi.hm.health,-1,0,,"0,94;96,113;662,132;187,151;73,170;0,189",-1,-1,-1,,-1,,,,0.0,,,,,2026-03-09 20:02:58
1773084720,run.8388865.huami.com,4130.0,305.0,1773086530,1810,0.438257,139.0,135.0,8,eycef5u5rwz7,,-1,0:MILI:8388865:0.110.18.2,0.323179,0.0,16,-1,-1,4202,98,156,-20000,-20000,-1,,-1,0,0,-1,0,-1,-1,-1,,-1,160,84,-1,-1,-1,-1.0,-1.0,-1.0,-1,27,-1,0,"{""upload_gps_permission"":""allow""}",0,-1,-1,-1,-1,-1,-1,-1,{},0,139,156,-1,-1,0,-1,0,,,0,0,-20000.0,-1,-274.0,-274.0,-274.0,69,-1,-1.0,-1.0,-1.0,-361,-1,-1.0,-1.0,-1.0,,-1,-1,-1,-1,-1,-1,,-1.0,-1.0,-1.0,1,False,21,21,21.0,0.0,0.0,0.0,0,False,0.0,0,0,0,0,,,1773108262550,1773108262550,,,0,0,0,0,0,,1,0,0,-1,8388865,C24E9EFFFE76C198,22122402108154,-1,-1,-20000.0,0,0,-1.0,-1.0,0,-20000.0,-1.0,-1,False,com.xiaomi.hm.health,-1,0,,"54,94;263,113;303,132;549,151;620,170;0,189",-1,-1,-1,,-1,,,,,,,,,2026-03-09 19:32:00
1772874592,run.8388865.huami.com,8500.0,728.0,1772877705,3113,0.366235,156.0,167.0,8,eycef5u5rxmm,,-1,0:MILI:8388865:0.110.18.2,0.339791,0.0,16,-1,-1,8093,105,162,-20000,-20000,-1,,-1,0,0,-1,0,-1,-1,-1,,-1,198,99,-1,-1,-1,-1.0,-1.0,-1.0,-1,46,-1,0,"{""upload_gps_permission"":""allow""}",0,-1,-1,-1,-1,-1,-1,-1,{},0,156,162,-1,-1,0,-1,0,,,0,0,-20000.0,-1,-274.0,-274.0,-274.0,335,-1,-1.0,-1.0,-1.0,-361,-1,-1.0,-1.0,-1.0,,-1,-1,-1,-1,-1,-1,,-1.0,-1.0,-1.0,1,False,21,21,21.0,0.0,0.0,0.0,0,False,0.0,0,0,0,0,,,1772924659069,1772924659069,,,0,0,0,0,0,,26,0,0,-1,8388865,C24E9EFFFE76C198,22122402108154,-1,-1,-20000.0,0,0,-1.0,-1.0,0,-20000.0,-1.0,-1,False,com.xiaomi.hm.health,-1,0,,"0,94;12,113;53,132;562,151;930,170;1534,189",-1,-1,-1,,-1,,,,,,,,,2026-03-07 09:09:52
1772874248,run.8388865.huami.com,500.0,31.0,1772874555,307,0.614,112.0,102.0,8,eycef5u5rxmm,,-1,0:MILI:8388865:0.110.18.2,0.537381,0.0,16,-1,-1,578,86,119,-20000,-20000,-1,,-1,0,0,-1,0,-1,-1,-1,,-1,109,84,-1,-1,-1,-1.0,-1.0,-1.0,-1,1,-1,0,"{""upload_gps_permission"":""allow""}",0,-1,-1,-1,-1,-1,-1,-1,{},0,112,119,-1,-1,0,-1,0,,,0,0,-20000.0,-1,-274.0,-274.0,-274.0,1,-1,-1.0,-1.0,-1.0,-361,-1,-1.0,-1.0,-1.0,,-1,-1,-1,-1,-1,-1,,-1.0,-1.0,-1.0,1,False,21,21,21.0,0.0,0.0,0.0,0,False,0.0,0,0,0,0,,,1772924658919,1772924658919,,,0,0,0,0,0,,0,0,0,-1,8388865,C24E9EFFFE76C198,22122402108154,-1,-1,-20000.0,0,0,-1.0,-1.0,0,-20000.0,-1.0,-1,False,com.xiaomi.hm.health,-1,0,,"18,94;268,113;0,132;0,151;0,170;0,189",-1,-1,-1,,-1,,,,,,,,,2026-03-07 09:04:08
1772736966,run.8388865.huami.com,1174.0,83.0,1772737477,511,0.435854,149.0,132.0,1,eycefh5b2jpp,Alto Do Seixalinho,-1,0:MILI:8388865:0.110.18.2,0.218153,0.0,16,-1,-1,1271,92,178,-20000,-20000,-1,,-1,0,0,-1,0,-1,-1,-1,,-1,159,110,-1,-1,-1,-1.0,-1.0,-1.0,-1,13,-1,0,"{""upload_gps_permission"":""allow""}",0,-1,-1,-1,-1,-1,-1,-1,{},0,149,178,-1,-1,0,-1,0,,,0,0,-20000.0,-1,-274.0,-274.0,-274.0,18,-1,-1.0,-1.0,-1.0,-361,-1,-1.0,-1.0,-1.0,,-1,-1,-1,-1,-1,-1,,-1.0,-1.0,-1.0,1,False,21,21,21.0,0.0,0.0,0.0,0,False,0.0,0,0,0,0,,,1772834650031,1772834650031,,,0,0,0,0,0,,3,0,0,-1,8388865,C24E9EFFFE76C198,22122402108154,-1,-1,-20000.0,0,0,-1.0,-1.0,0,-20000.0,-1.0,-1,False,com.xiaomi.hm.health,-1,0,,"0,94;4,113;275,132;189,151;31,170;0,189",-1,-1,-1,,0,,,,,84.8,,,,2026-03-05 18:56:06
1772565949,run.8388865.huami.com,0.0,136.0,1772567000,1051,0.0,0.0,115.0,16,eycef5gf71nc,,-1,0:MILI:8388865:0.110.18.2,0.0,0.0,16,-1,-1,0,0,0,-20000,-20000,-1,,-1,0,0,-1,0,-1,-1,-1,,-1,144,100,-1,-1,-1,-1.0,-1.0,-1.0,-1,8,-1,0,"{""upload_gps_permission"":""allow""}",0,-1,-1,-1,-1,-1,-1,-1,{},0,0,0,-1,-1,0,-1,0,,,0,0,-20000.0,-1,-274.0,-274.0,-274.0,12,-1,-1.0,-1.0,-1.0,-361,-1,-1.0,-1.0,-1.0,,-1,-1,-1,-1,-1,-1,,-1.0,-1.0,-1.0,1,False,21,21,21.0,0.0,0.0,0.0,0,False,0.0,0,0,0,0,,,1772647455967,1772647455967,,,0,0,0,0,0,,1,0,0,-1,8388865,C24E9EFFFE76C198,22122402108154,-1,-1,-20000.0,0,0,-1.0,-1.0,0,-20000.0,-1.0,-1,False,com.xiaomi.hm.health,-1,0,,"0,94;394,113;624,132;10,151;0,170;0,189",-1,-1,-1,,-1,,,,0.0,,,,,2026-03-03 19:25:49
1772564120,run.8388865.huami.com,4500.0,328.0,1772565926,1806,0.401333,148.0,141.0,8,eycef5gf71nc,,-1,0:MILI:8388865:0.110.18.2,0.332544,0.0,16,-1,-1,4449,101,162,-20000,-20000,-1,,-1,0,0,-1,0,-1,-1,-1,,-1,172,65,-1,-1,-1,-1.0,-1.0,-1.0,-1,26,-1,0,"{""upload_gps_permission"":""allow""}",0,-1,-1,-1,-1,-1,-1,-1,{},0,148,162,-1,-1,0,-1,0,,,0,0,-20000.0,-1,-274.0,-274.0,-274.0,67,-1,-1.0,-1.0,-1.0,-361,-1,-1.0,-1.0,-1.0,,-1,-1,-1,-1,-1,-1,,-1.0,-1.0,-1.0,1,False,21,21,21.0,0.0,0.0,0.0,0,False,0.0,0,0,0,0,,,1772647455998,1772647455998,,,0,0,0,0,0,,1,0,0,-1,8388865,C24E9EFFFE76C198,22122402108154,-1,-1,-20000.0,0,0,-1.0,-1.0,0,-20000.0,-1.0,-1,False,com.xiaomi.hm.health,-1,0,,"65,94;228,113;167,132;652,151;641,170;48,189",-1,-1,-1,,-1,,,,,,,,,2026-03-03 18:55:20
1772371518,run.8388865.huami.com,0.0,192.0,1772372572,1054,0.0,0.0,142.0,16,eycef5gge325,,-1,0:MILI:8388865:0.110.18.2,0.0,0.0,16,-1,-1,0,0,0,-20000,-20000,-1,,-1,0,0,-1,0,-1,-1,-1,,-1,171,121,-1,-1,-1,-1.0,-1.0,-1.0,-1,23,-1,0,"{""upload_gps_permission"":""allow""}",0,-1,-1,-1,-1,-1,-1,-1,{},0,0,0,-1,-1,0,-1,0,,,0,0,-20000.0,-1,-274.0,-274.0,-274.0,49,-1,-1.0,-1.0,-1.0,-361,-1,-1.0,-1.0,-1.0,,-1,-1,-1,-1,-1,-1,,-1.0,-1.0,-1.0,1,False,21,21,21.0,0.0,0.0,0.0,0,False,0.0,0,0,0,0,,,1772453065756,1772453065756,,,0,0,0,0,0,,7,0,0,-1,8388865,C24E9EFFFE76C198,22122402108154,-1,-1,-20000.0,0,0,-1.0,-1.0,0,-20000.0,-1.0,-1,False,com.xiaomi.hm.health,-1,0,,"0,94;0,113;194,132;617,151;222,170;1,189",-1,-1,-1,,-1,,,,0.0,,,,,2026-03-01 13:25:18
1772368933,run.8388865.huami.com,7010.0,592.0,1772371461,2528,0.360628,156.0,167.0,8,eycef5gge325,,-1,0:MILI:8388865:0.110.18.2,0.328078,0.0,16,-1,-1,6564,106,164,-20000,-20000,-1,,-1,0,0,-1,0,-1,-1,-1,,-1,191,96,-1,-1,-1,-1.0,-1.0,-1.0,-1,42,-1,0,"{""upload_gps_permission"":""allow""}",0,-1,-1,-1,-1,-1,-1,-1,{},0,156,164,-1,-1,0,-1,0,,,0,0,-20000.0,-1,-274.0,-274.0,-274.0,238,-1,-1.0,-1.0,-1.0,-361,-1,-1.0,-1.0,-1.0,,-1,-1,-1,-1,-1,-1,,-1.0,-1.0,-1.0,1,False,21,21,21.0,0.0,0.0,0.0,0,False,0.0,0,0,0,0,,,1772453067709,1772453067709,,,0,0,0,0,0,,23,0,0,-1,8388865,C24E9EFFFE76C198,22122402108154,-1,-1,-20000.0,0,0,-1.0,-1.0,0,-20000.0,-1.0,-1,False,com.xiaomi.hm.health,-1,0,,"0,94;9,113;71,132;362,151;697,170;1386,189",-1,-1,-1,,-1,,,,,,,,,2026-03-01 12:42:13
1772368358,run.8388865.huami.com,840.0,55.0,1772368878,520,0.619048,110.0,105.0,8,eycef5gge325,,-1,0:MILI:8388865:0.110.18.2,0.54532,0.0,16,-1,-1,952,88,119,-20000,-20000,-1,,-1,0,0,-1,0,-1,-1,-1,,-1,114,75,-1,-1,-1,-1.0,-1.0,-1.0,-1,1,-1,0,"{""upload_gps_permission"":""allow""}",0,-1,-1,-1,-1,-1,-1,-1,{},0,110,119,-1,-1,0,-1,0,,,0,0,-20000.0,-1,-274.0,-274.0,-274.0,3,-1,-1.0,-1.0,-1.0,-361,-1,-1.0,-1.0,-1.0,,-1,-1,-1,-1,-1,-1,,-1.0,-1.0,-1.0,1,False,21,21,21.0,0.0,0.0,0.0,0,False,0.0,0,0,0,0,,,1772453065698,1772453065698,,,0,0,0,0,0,,0,0,0,-1,8388865,C24E9EFFFE76C198,22122402108154,-1,-1,-20000.0,0,0,-1.0,-1.0,0,-20000.0,-1.0,-1,False,com.xiaomi.hm.health,-1,0,,"36,94;460,113;2,132;0,151;0,170;0,189",-1,-1,-1,,-1,,,,,,,,,2026-03-01 12:32:38
1772050282,run.8388865.huami.com,0.0,75.0,1772050869,587,0.0,0.0,115.0,16,eycef5u5rnxk,,-1,0:MILI:8388865:0.110.18.2,0.0,0.0,16,-1,-1,0,0,0,-20000,-20000,-1,,-1,0,0,-1,0,-1,-1,-1,,-1,128,96,-1,-1,-1,-1.0,-1.0,-1.0,-1,4,-1,0,"{""upload_gps_permission"":""allow""}",0,-1,-1,-1,-1,-1,-1,-1,{},0,0,0,-1,-1,0,-1,0,,,0,0,-20000.0,-1,-274.0,-274.0,-274.0,7,-1,-1.0,-1.0,-1.0,-361,-1,-1.0,-1.0,-1.0,,-1,-1,-1,-1,-1,-1,,-1.0,-1.0,-1.0,1,False,21,21,21.0,0.0,0.0,0.0,0,False,0.0,0,0,0,0,,,1772249655207,1772249655207,,,0,0,0,0,0,,1,0,0,-1,8388865,C24E9EFFFE76C198,22122402108154,-1,-1,-20000.0,0,0,-1.0,-1.0,0,-20000.0,-1.0,-1,False,com.xiaomi.hm.health,-1,0,,"0,94;175,113;390,132;0,151;0,170;0,189",-1,-1,-1,,-1,,,,0.0,,,,,2026-02-25 20:11:22
1772049622,run.8388865.huami.com,0.0,117.0,1772050254,632,0.0,0.0,144.0,10,eycef5u5rnxk,,-1,0:MILI:8388865:0.110.18.2,0.0,0.0,16,-1,-1,0,0,0,-20000,-20000,-1,,-1,0,0,-1,0,-1,-1,-1,,-1,160,115,-1,-1,-1,-1.0,-1.0,-1.0,-1,21,-1,0,"{""upload_gps_permission"":""allow""}",0,-1,-1,-1,-1,-1,-1,-1,{},0,0,0,-1,-1,0,-1,0,,,0,0,-20000.0,-1,-274.0,-274.0,-274.0,35,-1,-1.0,-1.0,-1.0,-361,-1,-1.0,-1.0,-1.0,,-1,-1,-1,-1,-1,-1,,-1.0,-1.0,-1.0,1,False,21,21,21.0,0.0,0.0,0.0,0,False,0.0,0,0,0,0,,,1772249655143,1772249655143,,,0,0,0,0,0,,1,0,0,-1,8388865,C24E9EFFFE76C198,22122402108154,-1,-1,-20000.0,0,0,-1.0,-1.0,0,-20000.0,-1.0,-1,False,com.xiaomi.hm.health,-1,0,,"0,94;0,113;112,132;324,151;176,170;0,189",-1,-1,-1,,-1,,,,0.0,84.8,,,,2026-02-25 20:00:22
1772047321,run.8388865.huami.com,4520.0,335.0,1772049489,2168,0.479646,131.0,128.0,8,eycef5u5rnxk,,-1,0:MILI:8388865:0.110.18.2,0.310076,0.0,16,-1,-1,4744,95,160,-20000,-20000,-1,,-1,0,0,-1,0,-1,-1,-1,,-1,158,92,-1,-1,-1,-1.0,-1.0,-1.0,-1,23,-1,0,"{""upload_gps_permission"":""allow""}",0,-1,-1,-1,-1,-1,-1,-1,{},0,131,160,-1,-1,0,-1,0,,,0,0,-20000.0,-1,-274.0,-274.0,-274.0,48,-1,-1.0,-1.0,-1.0,-361,-1,-1.0,-1.0,-1.0,,-1,-1,-1,-1,-1,-1,,-1.0,-1.0,-1.0,1,False,21,21,21.0,0.0,0.0,0.0,0,False,0.0,0,0,0,0,,,1772249657806,1772249657806,,,0,0,0,0,0,,2,0,0,-1,8388865,C24E9EFFFE76C198,22122402108154,-1,-1,-20000.0,0,0,-1.0,-1.0,0,-20000.0,-1.0,-1,False,com.xiaomi.hm.health,-1,0,,"13,94;620,113;476,132;772,151;263,170;0,189",-1,-1,-1,,-1,,,,,,,,,2026-02-25 19:22:01
1771875918,run.8388865.huami.com,0.0,176.0,1771876943,1025,0.0,0.0,137.0,16,eycef5ggwpz9,,-1,0:MILI:8388865:0.110.18.2,0.0,0.0,16,-1,-1,0,0,0,-20000,-20000,-1,,-1,0,0,-1,0,-1,-1,-1,,-1,169,118,-1,-1,-1,-1.0,-1.0,-1.0,-1,21,-1,0,"{""upload_gps_permission"":""allow""}",0,-1,-1,-1,-1,-1,-1,-1,{},0,0,0,-1,-1,0,-1,0,,,0,0,-20000.0,-1,-274.0,-274.0,-274.0,38,-1,-1.0,-1.0,-1.0,-361,-1,-1.0,-1.0,-1.0,,-1,-1,-1,-1,-1,-1,,-1.0,-1.0,-1.0,1,False,21,21,21.0,0.0,0.0,0.0,0,False,0.0,0,0,0,0,,,1771880652871,1771880652871,,,0,0,0,0,0,,3,0,0,-1,8388865,C24E9EFFFE76C198,22122402108154,-1,-1,-20000.0,0,0,-1.0,-1.0,0,-20000.0,-1.0,-1,False,com.xiaomi.hm.health,-1,0,,"0,94;0,113;491,132;340,151;172,170;0,189",-1,-1,-1,,-1,,,,0.0,,,,,2026-02-23 19:45:18
1771874551,run.8388865.huami.com,3570.0,271.0,1771875874,1323,0.370588,149.0,154.0,8,eycef5ggwpz9,,-1,0:MILI:8388865:0.110.18.2,0.234353,0.0,16,-1,-1,3287,108,166,-20000,-20000,-1,,-1,0,0,-1,0,-1,-1,-1,,-1,179,100,-1,-1,-1,-1.0,-1.0,-1.0,-1,29,-1,0,"{""upload_gps_permission"":""allow""}",0,-1,-1,-1,-1,-1,-1,-1,{},0,149,166,-1,-1,0,-1,0,,,0,0,-20000.0,-1,-274.0,-274.0,-274.0,86,-1,-1.0,-1.0,-1.0,-361,-1,-1.0,-1.0,-1.0,,-1,-1,-1,-1,-1,-1,,-1.0,-1.0,-1.0,1,False,21,21,21.0,0.0,0.0,0.0,0,False,0.0,0,0,0,0,,,1771880654681,1771880654681,,,0,0,0,0,0,,1,0,0,-1,8388865,C24E9EFFFE76C198,22122402108154,-1,-1,-20000.0,0,0,-1.0,-1.0,0,-20000.0,-1.0,-1,False,com.xiaomi.hm.health,-1,0,,"0,94;163,113;57,132;257,151;459,170;363,189",-1,-1,-1,,-1,,,,,,,,,2026-02-23 19:22:31
1771873784,run.8388865.huami.com,0.0,91.0,1771874454,664,0.0,0.0,120.0,10,eycef5ggwpz9,,-1,0:MILI:8388865:0.110.18.2,0.0,0.0,16,-1,-1,0,0,0,-20000,-20000,-1,,-1,0,0,-1,0,-1,-1,-1,,-1,137,83,-1,-1,-1,-1.0,-1.0,-1.0,-1,10,-1,0,"{""upload_gps_permission"":""allow""}",0,-1,-1,-1,-1,-1,-1,-1,{},0,0,0,-1,-1,0,-1,0,,,0,0,-20000.0,-1,-274.0,-274.0,-274.0,14,-1,-1.0,-1.0,-1.0,-361,-1,-1.0,-1.0,-1.0,,-1,-1,-1,-1,-1,-1,,-1.0,-1.0,-1.0,1,False,21,21,21.0,0.0,0.0,0.0,0,False,0.0,0,0,0,0,,,1771880652917,1771880652917,,,0,0,0,0,0,,1,0,0,-1,8388865,C24E9EFFFE76C198,22122402108154,-1,-1,-20000.0,0,0,-1.0,-1.0,0,-20000.0,-1.0,-1,False,com.xiaomi.hm.health,6,0,,"26,94;182,113;314,132;121,151;0,170;0,189",-1,-1,-1,,-1,,,,0.0,84.8,,,,2026-02-23 19:09:44
1771670057,run.8388865.huami.com,0.0,197.0,1771671177,1120,0.0,0.0,138.0,16,eycef5u5rnxr,,-1,0:MILI:8388865:0.110.18.2,0.0,0.0,16,-1,-1,0,0,0,-20000,-20000,-1,,-1,0,0,-1,0,-1,-1,-1,,-1,168,119,-1,-1,-1,-1.0,-1.0,-1.0,-1,23,-1,0,"{""upload_gps_permission"":""allow""}",0,-1,-1,-1,-1,-1,-1,-1,{},0,0,0,-1,-1,0,-1,0,,,0,0,-20000.0,-1,-274.0,-274.0,-274.0,47,-1,-1.0,-1.0,-1.0,-361,-1,-1.0,-1.0,-1.0,,-1,-1,-1,-1,-1,-1,,-1.0,-1.0,-1.0,1,False,21,21,21.0,0.0,0.0,0.0,0,False,0.0,0,0,0,0,,,1771705212793,1771705212793,,,0,0,0,0,0,,1,0,0,-1,8388865,C24E9EFFFE76C198,22122402108154,-1,-1,-20000.0,0,0,-1.0,-1.0,0,-20000.0,-1.0,-1,False,com.xiaomi.hm.health,-1,0,,"0,94;0,113;357,132;678,151;65,170;0,189",-1,-1,-1,,-1,,,,0.0,,,,,2026-02-21 10:34:17
1771667611,run.8388865.huami.com,6500.0,557.0,1771670017,2406,0.370154,155.0,166.0,8,eycef5u5rnxr,,-1,0:MILI:8388865:0.110.18.2,0.345979,0.0,16,-1,-1,6236,104,164,-20000,-20000,-1,,-1,0,0,-1,0,-1,-1,-1,,-1,190,82,-1,-1,-1,-1.0,-1.0,-1.0,-1,41,-1,0,"{""upload_gps_permission"":""allow""}",0,-1,-1,-1,-1,-1,-1,-1,{},0,155,164,-1,-1,0,-1,0,,,0,0,-20000.0,-1,-274.0,-274.0,-274.0,215,-1,-1.0,-1.0,-1.0,-361,-1,-1.0,-1.0,-1.0,,-1,-1,-1,-1,-1,-1,,-1.0,-1.0,-1.0,1,False,21,21,21.0,0.0,0.0,0.0,0,False,0.0,0,0,0,0,,,1771705214786,1771705214786,,,0,0,0,0,0,,8,0,0,-1,8388865,C24E9EFFFE76C198,22122402108154,-1,-1,-20000.0,0,0,-1.0,-1.0,0,-20000.0,-1.0,-1,False,com.xiaomi.hm.health,-1,0,,"13,94;17,113;48,132;262,151;863,170;1200,189",-1,-1,-1,,-1,,,,,,,,,2026-02-21 09:53:31
1771667208,run.8388865.huami.com,600.0,35.0,1771667576,368,0.613333,113.0,99.0,8,eycef5u5rnxr,,-1,0:MILI:8388865:0.110.18.2,0.566844,0.0,16,-1,-1,692,86,119,-20000,-20000,-1,,-1,0,0,-1,0,-1,-1,-1,,-1,114,83,-1,-1,-1,-1.0,-1.0,-1.0,-1,1,-1,0,"{""upload_gps_permission"":""allow""}",0,-1,-1,-1,-1,-1,-1,-1,{},0,113,119,-1,-1,0,-1,0,,,0,0,-20000.0,-1,-274.0,-274.0,-274.0,2,-1,-1.0,-1.0,-1.0,-361,-1,-1.0,-1.0,-1.0,,-1,-1,-1,-1,-1,-1,,-1.0,-1.0,-1.0,1,False,21,21,21.0,0.0,0.0,0.0,0,False,0.0,0,0,0,0,,,1771705212803,1771705212803,,,0,0,0,0,0,,0,0,0,-1,8388865,C24E9EFFFE76C198,22122402108154,-1,-1,-20000.0,0,0,-1.0,-1.0,0,-20000.0,-1.0,-1,False,com.xiaomi.hm.health,-1,0,,"75,94;270,113;0,132;0,151;0,170;0,189",-1,-1,-1,,-1,,,,,,,,,2026-02-21 09:46:48
1771528423,run.8388865.huami.com,0.0,86.0,1771528926,503,0.0,0.0,136.0,16,eycecyss3kus,,-1,0:MILI:8388865:0.110.18.2,0.0,0.0,16,-1,-1,0,0,0,-20000,-20000,-1,,-1,0,0,-1,0,-1,-1,-1,,-1,159,118,-1,-1,-1,-1.0,-1.0,-1.0,-1,15,-1,0,"{""upload_gps_permission"":""allow""}",0,-1,-1,-1,-1,-1,-1,-1,{},0,0,0,-1,-1,0,-1,0,,,0,0,-20000.0,-1,-274.0,-274.0,-274.0,21,-1,-1.0,-1.0,-1.0,-361,-1,-1.0,-1.0,-1.0,,-1,-1,-1,-1,-1,-1,,-1.0,-1.0,-1.0,1,False,21,21,21.0,0.0,0.0,0.0,0,False,0.0,0,0,0,0,,,1771616060404,1771616060404,,,0,0,0,0,0,,2,0,0,-1,8388865,C24E9EFFFE76C198,22122402108154,-1,-1,-20000.0,0,0,-1.0,-1.0,0,-20000.0,-1.0,-1,False,com.xiaomi.hm.health,-1,0,,"0,94;0,113;185,132;249,151;49,170;0,189",-1,-1,-1,,-1,,,,0.0,,,,,2026-02-19 19:13:43
1771527799,run.8388865.huami.com,0.0,118.0,1771528396,597,0.0,0.0,151.0,10,eycecyss3kus,,-1,0:MILI:8388865:0.110.18.2,0.0,0.0,16,-1,-1,0,0,0,-20000,-20000,-1,,-1,0,0,-1,0,-1,-1,-1,,-1,166,108,-1,-1,-1,-1.0,-1.0,-1.0,-1,22,-1,0,"{""upload_gps_permission"":""allow""}",0,-1,-1,-1,-1,-1,-1,-1,{},0,0,0,-1,-1,0,-1,0,,,0,0,-20000.0,-1,-274.0,-274.0,-274.0,40,-1,-1.0,-1.0,-1.0,-361,-1,-1.0,-1.0,-1.0,,-1,-1,-1,-1,-1,-1,,-1.0,-1.0,-1.0,1,False,21,21,21.0,0.0,0.0,0.0,0,False,0.0,0,0,0,0,,,1771616060227,1771616060227,,,0,0,0,0,0,,1,0,0,-1,8388865,C24E9EFFFE76C198,22122402108154,-1,-1,-20000.0,0,0,-1.0,-1.0,0,-20000.0,-1.0,-1,False,com.xiaomi.hm.health,-1,0,,"0,94;18,113;34,132;148,151;377,170;0,189",-1,-1,-1,,-1,,,,0.0,84.8,,,,2026-02-19 19:03:19
1771526182,run.8388865.huami.com,3500.0,238.0,1771527704,1522,0.434857,137.0,129.0,8,eycecyss3kus,,-1,0:MILI:8388865:0.110.18.2,0.344626,0.0,16,-1,-1,3469,100,158,-20000,-20000,-1,,-1,0,0,-1,0,-1,-1,-1,,-1,156,81,-1,-1,-1,-1.0,-1.0,-1.0,-1,22,-1,0,"{""upload_gps_permission"":""allow""}",0,-1,-1,-1,-1,-1,-1,-1,{},0,137,158,-1,-1,0,-1,0,,,0,0,-20000.0,-1,-274.0,-274.0,-274.0,43,-1,-1.0,-1.0,-1.0,-361,-1,-1.0,-1.0,-1.0,,-1,-1,-1,-1,-1,-1,,-1.0,-1.0,-1.0,1,False,21,21,21.0,0.0,0.0,0.0,0,False,0.0,0,0,0,0,,,1771616061650,1771616061650,,,0,0,0,0,0,,1,0,0,-1,8388865,C24E9EFFFE76C198,22122402108154,-1,-1,-20000.0,0,0,-1.0,-1.0,0,-20000.0,-1.0,-1,False,com.xiaomi.hm.health,-1,0,,"56,94;347,113;224,132;818,151;56,170;0,189",-1,-1,-1,,-1,,,,,,,,,2026-02-19 18:36:22
1771353279,run.8388865.huami.com,0.0,127.0,1771354189,910,0.0,0.0,120.0,16,eycef5ggz4c1,,-1,0:MILI:8388865:0.110.18.2,0.0,0.0,16,-1,-1,0,0,0,-20000,-20000,-1,,-1,0,0,-1,0,-1,-1,-1,,-1,148,100,-1,-1,-1,-1.0,-1.0,-1.0,-1,12,-1,0,"{""upload_gps_permission"":""allow""}",0,-1,-1,-1,-1,-1,-1,-1,{},0,0,0,-1,-1,0,-1,0,,,0,0,-20000.0,-1,-274.0,-274.0,-274.0,16,-1,-1.0,-1.0,-1.0,-361,-1,-1.0,-1.0,-1.0,,-1,-1,-1,-1,-1,-1,,-1.0,-1.0,-1.0,1,False,21,21,21.0,0.0,0.0,0.0,0,False,0.0,0,0,0,0,,,1771407254659,1771407254659,,,0,0,0,0,0,,1,0,0,-1,8388865,C24E9EFFFE76C198,22122402108154,-1,-1,-20000.0,0,0,-1.0,-1.0,0,-20000.0,-1.0,-1,False,com.xiaomi.hm.health,-1,0,,"0,94;259,113;513,132;117,151;0,170;0,189",-1,-1,-1,,-1,,,,0.0,,,,,2026-02-17 18:34:39
1771351426,run.8388865.huami.com,4500.0,328.0,1771353248,1822,0.404889,146.0,141.0,8,eycef5ggz4c1,,-1,0:MILI:8388865:0.110.18.2,0.230434,0.0,16,-1,-1,4428,101,158,-20000,-20000,-1,,-1,0,0,-1,0,-1,-1,-1,,-1,166,97,-1,-1,-1,-1.0,-1.0,-1.0,-1,29,-1,0,"{""upload_gps_permission"":""allow""}",0,-1,-1,-1,-1,-1,-1,-1,{},0,146,158,-1,-1,0,-1,0,,,0,0,-20000.0,-1,-274.0,-274.0,-274.0,82,-1,-1.0,-1.0,-1.0,-361,-1,-1.0,-1.0,-1.0,,-1,-1,-1,-1,-1,-1,,-1.0,-1.0,-1.0,1,False,21,21,21.0,0.0,0.0,0.0,0,False,0.0,0,0,0,0,,,1771407256236,1771407256236,,,0,0,0,0,0,,1,0,0,-1,8388865,C24E9EFFFE76C198,22122402108154,-1,-1,-20000.0,0,0,-1.0,-1.0,0,-20000.0,-1.0,-1,False,com.xiaomi.hm.health,-1,0,,"0,94;338,113;50,132;728,151;683,170;0,189",-1,-1,-1,,-1,,,,,,,,,2026-02-17 18:03:46
1771083164,run.8388865.huami.com,0.0,239.0,1771084555,1391,0.0,0.0,136.0,16,eycef5u5rmct,,-1,0:MILI:8388865:0.110.18.2,0.0,0.0,16,-1,-1,0,0,0,-20000,-20000,-1,,-1,0,0,-1,0,-1,-1,-1,,-1,169,110,-1,-1,-1,-1.0,-1.0,-1.0,-1,22,-1,0,"{""upload_gps_permission"":""allow""}",0,-1,-1,-1,-1,-1,-1,-1,{},0,0,0,-1,-1,0,-1,0,,,0,0,-20000.0,-1,-274.0,-274.0,-274.0,43,-1,-1.0,-1.0,-1.0,-361,-1,-1.0,-1.0,-1.0,,-1,-1,-1,-1,-1,-1,,-1.0,-1.0,-1.0,1,False,21,21,21.0,0.0,0.0,0.0,0,False,0.0,0,0,0,0,,,1771117963736,1771117963736,,,0,0,0,0,0,,5,0,0,-1,8388865,C24E9EFFFE76C198,22122402108154,-1,-1,-20000.0,0,0,-1.0,-1.0,0,-20000.0,-1.0,-1,False,com.xiaomi.hm.health,-1,0,,"0,94;20,113;621,132;450,151;279,170;0,189",-1,-1,-1,,-1,,,,0.0,,,,,2026-02-14 15:32:44
1771080103,run.8388865.huami.com,8280.0,687.0,1771083111,3008,0.363285,155.0,164.0,8,eycef5u5rmct,,-1,0:MILI:8388865:0.110.18.2,0.333001,0.0,16,-1,-1,7781,106,164,-20000,-20000,-1,,-1,0,0,-1,0,-1,-1,-1,,-1,194,92,-1,-1,-1,-1.0,-1.0,-1.0,-1,45,-1,0,"{""upload_gps_permission"":""allow""}",0,-1,-1,-1,-1,-1,-1,-1,{},0,155,164,-1,-1,0,-1,0,,,0,0,-20000.0,-1,-274.0,-274.0,-274.0,278,-1,-1.0,-1.0,-1.0,-361,-1,-1.0,-1.0,-1.0,,-1,-1,-1,-1,-1,-1,,-1.0,-1.0,-1.0,1,False,21,21,21.0,0.0,0.0,0.0,0,False,0.0,0,0,0,0,,,1771117965429,1771117965429,,,0,0,0,0,0,,23,0,0,-1,8388865,C24E9EFFFE76C198,22122402108154,-1,-1,-20000.0,0,0,-1.0,-1.0,0,-20000.0,-1.0,-1,False,com.xiaomi.hm.health,-1,0,,"3,94;16,113;22,132;535,151;1308,170;1119,189",-1,-1,-1,,-1,,,,,,,,,2026-02-14 14:41:43
1771079648,run.8388865.huami.com,650.0,41.0,1771080064,404,0.621538,111.0,103.0,8,eycef5u5rmct,,-1,0:MILI:8388865:0.110.18.2,0.571219,0.0,16,-1,-1,749,86,119,-20000,-20000,-1,,-1,0,0,-1,0,-1,-1,-1,,-1,115,85,-1,-1,-1,-1.0,-1.0,-1.0,-1,1,-1,0,"{""upload_gps_permission"":""allow""}",0,-1,-1,-1,-1,-1,-1,-1,{},0,111,119,-1,-1,0,-1,0,,,0,0,-20000.0,-1,-274.0,-274.0,-274.0,2,-1,-1.0,-1.0,-1.0,-361,-1,-1.0,-1.0,-1.0,,-1,-1,-1,-1,-1,-1,,-1.0,-1.0,-1.0,1,False,21,21,21.0,0.0,0.0,0.0,0,False,0.0,0,0,0,0,,,1771117964233,1771117964233,,,0,0,0,0,0,,0,0,0,-1,8388865,C24E9EFFFE76C198,22122402108154,-1,-1,-20000.0,0,0,-1.0,-1.0,0,-20000.0,-1.0,-1,False,com.xiaomi.hm.health,12,0,,"48,94;325,113;10,132;0,151;0,170;0,189",-1,-1,-1,,-1,,,,,,,,,2026-02-14 14:34:08
1770925735,run.8388865.huami.com,0.0,146.0,1770926659,924,0.0,0.0,129.0,16,eycef5u5rm8m,,-1,0:MILI:8388865:0.110.18.2,0.0,0.0,16,-1,-1,0,0,0,-20000,-20000,-1,,-1,0,0,-1,0,-1,-1,-1,,-1,162,110,-1,-1,-1,-1.0,-1.0,-1.0,-1,18,-1,0,"{""upload_gps_permission"":""allow""}",0,-1,-1,-1,-1,-1,-1,-1,{},0,0,0,-1,-1,0,-1,0,,,0,0,-20000.0,-1,-274.0,-274.0,-274.0,23,-1,-1.0,-1.0,-1.0,-361,-1,-1.0,-1.0,-1.0,,-1,-1,-1,-1,-1,-1,,-1.0,-1.0,-1.0,1,False,21,21,21.0,0.0,0.0,0.0,0,False,0.0,0,0,0,0,,,1770950597454,1770950597454,,,0,0,0,0,0,,2,0,0,-1,8388865,C24E9EFFFE76C198,22122402108154,-1,-1,-20000.0,0,0,-1.0,-1.0,0,-20000.0,-1.0,-1,False,com.xiaomi.hm.health,-1,0,,"0,94;34,113;559,132;267,151;43,170;0,189",-1,-1,-1,,-1,,,,0.0,,,,,2026-02-12 19:48:55
1770923854,run.8388865.huami.com,4550.0,338.0,1770925643,1789,0.393187,146.0,145.0,8,eycef5u5rm8m,,-1,0:MILI:8388865:0.110.18.2,0.31437,0.0,16,-1,-1,4357,104,160,-20000,-20000,-1,,-1,0,0,-1,0,-1,-1,-1,,-1,182,92,-1,-1,-1,-1.0,-1.0,-1.0,-1,30,-1,0,"{""upload_gps_permission"":""allow""}",0,-1,-1,-1,-1,-1,-1,-1,{},0,146,160,-1,-1,0,-1,0,,,0,0,-20000.0,-1,-274.0,-274.0,-274.0,79,-1,-1.0,-1.0,-1.0,-361,-1,-1.0,-1.0,-1.0,,-1,-1,-1,-1,-1,-1,,-1.0,-1.0,-1.0,1,False,21,21,21.0,0.0,0.0,0.0,0,False,0.0,0,0,0,0,,,1770950597457,1770950597457,,,0,0,0,0,0,,6,0,0,-1,8388865,C24E9EFFFE76C198,22122402108154,-1,-1,-20000.0,0,0,-1.0,-1.0,0,-20000.0,-1.0,-1,False,com.xiaomi.hm.health,-1,0,,"38,94;322,113;37,132;421,151;669,170;280,189",-1,-1,-1,,-1,,,,,,,,,2026-02-12 19:17:34
1770668243,run.8388865.huami.com,0.0,147.0,1770669329,1086,0.0,0.0,118.0,16,eycef5u5rqkc,,-1,0:MILI:8388865:0.110.18.2,0.0,0.0,16,-1,-1,0,0,0,-20000,-20000,-1,,-1,0,0,-1,0,-1,-1,-1,,-1,147,100,-1,-1,-1,-1.0,-1.0,-1.0,-1,13,-1,0,"{""upload_gps_permission"":""allow""}",0,-1,-1,-1,-1,-1,-1,-1,{},0,0,0,-1,-1,0,-1,0,,,0,0,-20000.0,-1,-274.0,-274.0,-274.0,15,-1,-1.0,-1.0,-1.0,-361,-1,-1.0,-1.0,-1.0,,-1,-1,-1,-1,-1,-1,,-1.0,-1.0,-1.0,1,False,21,21,21.0,0.0,0.0,0.0,0,False,0.0,0,0,0,0,,,1770686147595,1770686147595,,,0,0,0,0,0,,1,0,0,-1,8388865,C24E9EFFFE76C198,22122402108154,-1,-1,-20000.0,0,0,-1.0,-1.0,0,-20000.0,-1.0,-1,False,com.xiaomi.hm.health,-1,0,,"0,94;350,113;632,132;82,151;0,170;0,189",-1,-1,-1,,-1,,,,0.0,,,,,2026-02-09 20:17:23
1770667310,run.8388865.huami.com,0.0,156.0,1770668210,900,0.0,0.0,138.0,10,eycef5u5rqkc,,-1,0:MILI:8388865:0.110.18.2,0.0,0.0,16,-1,-1,0,0,0,-20000,-20000,-1,,-1,0,0,-1,0,-1,-1,-1,,-1,156,107,-1,-1,-1,-1.0,-1.0,-1.0,-1,23,-1,0,"{""upload_gps_permission"":""allow""}",0,-1,-1,-1,-1,-1,-1,-1,{},0,0,0,-1,-1,0,-1,0,,,0,0,-20000.0,-1,-274.0,-274.0,-274.0,40,-1,-1.0,-1.0,-1.0,-361,-1,-1.0,-1.0,-1.0,,-1,-1,-1,-1,-1,-1,,-1.0,-1.0,-1.0,1,False,21,21,21.0,0.0,0.0,0.0,0,False,0.0,0,0,0,0,,,1770686147817,1770686147817,,,0,0,0,0,0,,1,0,0,-1,8388865,C24E9EFFFE76C198,22122402108154,-1,-1,-20000.0,0,0,-1.0,-1.0,0,-20000.0,-1.0,-1,False,com.xiaomi.hm.health,-1,0,,"0,94;22,113;128,132;658,151;69,170;0,189",-1,-1,-1,,-1,,,,0.0,84.8,,,,2026-02-09 20:01:50
1770666160,run.8388865.huami.com,2150.0,138.0,1770667177,1017,0.473023,136.0,119.0,8,eycef5u5rqkc,,-1,0:MILI:8388865:0.110.18.2,0.274009,0.0,16,-1,-1,2313,92,166,-20000,-20000,-1,,-1,0,0,-1,0,-1,-1,-1,,-1,142,82,-1,-1,-1,-1.0,-1.0,-1.0,-1,17,-1,0,"{""upload_gps_permission"":""allow""}",0,-1,-1,-1,-1,-1,-1,-1,{},0,136,166,-1,-1,0,-1,0,,,0,0,-20000.0,-1,-274.0,-274.0,-274.0,20,-1,-1.0,-1.0,-1.0,-361,-1,-1.0,-1.0,-1.0,,-1,-1,-1,-1,-1,-1,,-1.0,-1.0,-1.0,1,False,21,21,21.0,0.0,0.0,0.0,0,False,0.0,0,0,0,0,,,1770686151613,1770686151613,,,0,0,0,0,0,,1,0,0,-1,8388865,C24E9EFFFE76C198,22122402108154,-1,-1,-20000.0,0,0,-1.0,-1.0,0,-20000.0,-1.0,-1,False,com.xiaomi.hm.health,-1,0,,"80,94;227,113;531,132;156,151;0,170;0,189",-1,-1,-1,,-1,,,,,,,,,2026-02-09 19:42:40
1770470551,run.8388865.huami.com,0.0,209.0,1770471733,1182,0.0,0.0,139.0,16,eycef5u5rq35,,-1,0:MILI:8388865:0.110.18.2,0.0,0.0,16,-1,-1,0,0,0,-20000,-20000,-1,,-1,0,0,-1,0,-1,-1,-1,,-1,167,116,-1,-1,-1,-1.0,-1.0,-1.0,-1,24,-1,0,"{""upload_gps_permission"":""allow""}",0,-1,-1,-1,-1,-1,-1,-1,{},0,0,0,-1,-1,0,-1,0,,,0,0,-20000.0,-1,-274.0,-274.0,-274.0,50,-1,-1.0,-1.0,-1.0,-361,-1,-1.0,-1.0,-1.0,,-1,-1,-1,-1,-1,-1,,-1.0,-1.0,-1.0,1,False,21,21,21.0,0.0,0.0,0.0,0,False,0.0,0,0,0,0,,,1770510866051,1770510866051,,,0,0,0,0,0,,7,0,0,-1,8388865,C24E9EFFFE76C198,22122402108154,-1,-1,-20000.0,0,0,-1.0,-1.0,0,-20000.0,-1.0,-1,False,com.xiaomi.hm.health,-1,0,,"0,94;0,113;429,132;503,151;228,170;0,189",-1,-1,-1,,-1,,,,0.0,,,,,2026-02-07 13:22:31
1770467810,run.8388865.huami.com,7250.0,639.0,1770470520,2710,0.373793,157.0,168.0,8,eycef5u5rq35,,-1,0:MILI:8388865:0.110.18.2,0.341663,0.0,16,-1,-1,7079,102,164,-20000,-20000,-1,,-1,0,0,-1,0,-1,-1,-1,,-1,189,109,-1,-1,-1,-1.0,-1.0,-1.0,-1,43,-1,0,"{""upload_gps_permission"":""allow""}",0,-1,-1,-1,-1,-1,-1,-1,{},0,157,164,-1,-1,0,-1,0,,,0,0,-20000.0,-1,-274.0,-274.0,-274.0,231,-1,-1.0,-1.0,-1.0,-361,-1,-1.0,-1.0,-1.0,,-1,-1,-1,-1,-1,-1,,-1.0,-1.0,-1.0,1,False,21,21,21.0,0.0,0.0,0.0,0,False,0.0,0,0,0,0,,,1770510868692,1770510868692,,,0,0,0,0,0,,1,0,0,-1,8388865,C24E9EFFFE76C198,22122402108154,-1,-1,-20000.0,0,0,-1.0,-1.0,0,-20000.0,-1.0,-1,False,com.xiaomi.hm.health,-1,0,,"0,94;8,113;32,132;119,151;1015,170;1515,189",-1,-1,-1,,-1,,,,,,,,,2026-02-07 12:36:50
1770467412,run.8388865.huami.com,590.0,42.0,1770467774,362,0.613559,112.0,109.0,8,eycef5u5rq35,,-1,0:MILI:8388865:0.110.18.2,0.558749,0.0,16,-1,-1,679,86,119,-20000,-20000,-1,,-1,0,0,-1,0,-1,-1,-1,,-1,127,92,-1,-1,-1,-1.0,-1.0,-1.0,-1,1,-1,0,"{""upload_gps_permission"":""allow""}",0,-1,-1,-1,-1,-1,-1,-1,{},0,112,119,-1,-1,0,-1,0,,,0,0,-20000.0,-1,-274.0,-274.0,-274.0,2,-1,-1.0,-1.0,-1.0,-361,-1,-1.0,-1.0,-1.0,,-1,-1,-1,-1,-1,-1,,-1.0,-1.0,-1.0,1,False,21,21,21.0,0.0,0.0,0.0,0,False,0.0,0,0,0,0,,,1770510866094,1770510866094,,,0,0,0,0,0,,0,0,0,-1,8388865,C24E9EFFFE76C198,22122402108154,-1,-1,-20000.0,0,0,-1.0,-1.0,0,-20000.0,-1.0,-1,False,com.xiaomi.hm.health,-1,0,,"4,94;251,113;86,132;0,151;0,170;0,189",-1,-1,-1,,-1,,,,,,,,,2026-02-07 12:30:12
1770410346,run.8388865.huami.com,0.0,155.0,1770411246,900,0.0,0.0,137.0,16,eycef5u5rmvj,,-1,0:MILI:8388865:0.110.18.2,0.0,0.0,16,-1,-1,0,0,0,-20000,-20000,-1,,-1,0,0,-1,0,-1,-1,-1,,-1,175,116,-1,-1,-1,-1.0,-1.0,-1.0,-1,22,-1,0,"{""upload_gps_permission"":""allow""}",0,-1,-1,-1,-1,-1,-1,-1,{},0,0,0,-1,-1,0,-1,0,,,0,0,-20000.0,-1,-274.0,-274.0,-274.0,36,-1,-1.0,-1.0,-1.0,-361,-1,-1.0,-1.0,-1.0,,-1,-1,-1,-1,-1,-1,,-1.0,-1.0,-1.0,1,False,21,21,21.0,0.0,0.0,0.0,0,False,0.0,0,0,0,0,,,1770423647368,1770423647368,,,0,0,0,0,0,,8,0,0,-1,8388865,C24E9EFFFE76C198,22122402108154,-1,-1,-20000.0,0,0,-1.0,-1.0,0,-20000.0,-1.0,-1,False,com.xiaomi.hm.health,-1,0,,"0,94;0,113;443,132;272,151;153,170;10,189",-1,-1,-1,,-1,,,,0.0,,,,,2026-02-06 20:39:06
1770408820,run.8388865.huami.com,3650.0,265.0,1770410320,1500,0.410959,142.0,139.0,8,eycef5u5rmvj,,-1,0:MILI:8388865:0.110.18.2,0.327973,0.0,16,-1,-1,3560,102,162,-20000,-20000,-1,,-1,0,0,-1,0,-1,-1,-1,,-1,168,93,-1,-1,-1,-1.0,-1.0,-1.0,-1,28,-1,0,"{""upload_gps_permission"":""allow""}",0,-1,-1,-1,-1,-1,-1,-1,{},0,142,162,-1,-1,0,-1,0,,,0,0,-20000.0,-1,-274.0,-274.0,-274.0,65,-1,-1.0,-1.0,-1.0,-361,-1,-1.0,-1.0,-1.0,,-1,-1,-1,-1,-1,-1,,-1.0,-1.0,-1.0,1,False,21,21,21.0,0.0,0.0,0.0,0,False,0.0,0,0,0,0,,,1770423647519,1770423647519,,,0,0,0,0,0,,1,0,0,-1,8388865,C24E9EFFFE76C198,22122402108154,-1,-1,-20000.0,0,0,-1.0,-1.0,0,-20000.0,-1.0,-1,False,com.xiaomi.hm.health,-1,0,,"19,94;346,113;32,132;453,151;627,170;0,189",-1,-1,-1,,-1,,,,,,,,,2026-02-06 20:13:40
1770233879,run.8388865.huami.com,0.0,153.0,1770234979,1100,0.0,0.0,120.0,16,eycef5u6vj6e,,-1,0:MILI:8388865:0.110.18.2,0.0,0.0,16,-1,-1,0,0,0,-20000,-20000,-1,,-1,0,0,-1,0,-1,-1,-1,,-1,141,102,-1,-1,-1,-1.0,-1.0,-1.0,-1,12,-1,0,"{""upload_gps_permission"":""allow""}",0,-1,-1,-1,-1,-1,-1,-1,{},0,0,0,-1,-1,0,-1,0,,,0,0,-20000.0,-1,-274.0,-274.0,-274.0,14,-1,-1.0,-1.0,-1.0,-361,-1,-1.0,-1.0,-1.0,,-1,-1,-1,-1,-1,-1,,-1.0,-1.0,-1.0,1,False,21,21,21.0,0.0,0.0,0.0,0,False,0.0,0,0,0,0,,,1770246254819,1770246254819,,,0,0,0,0,0,,1,0,0,-1,8388865,C24E9EFFFE76C198,22122402108154,-1,-1,-20000.0,0,0,-1.0,-1.0,0,-20000.0,-1.0,-1,False,com.xiaomi.hm.health,-1,0,,"0,94;155,113;844,132;80,151;0,170;0,189",-1,-1,-1,,-1,,,,0.0,,,,,2026-02-04 19:37:59
1770232015,run.8388865.huami.com,4320.0,324.0,1770233795,1780,0.412037,147.0,141.0,8,eycef5u6vj6e,,-1,0:MILI:8388865:0.110.18.2,0.332442,0.0,16,-1,-1,4354,99,160,-20000,-20000,-1,,-1,0,0,-1,0,-1,-1,-1,,-1,171,93,-1,-1,-1,-1.0,-1.0,-1.0,-1,29,-1,0,"{""upload_gps_permission"":""allow""}",0,-1,-1,-1,-1,-1,-1,-1,{},0,147,160,-1,-1,0,-1,0,,,0,0,-20000.0,-1,-274.0,-274.0,-274.0,67,-1,-1.0,-1.0,-1.0,-361,-1,-1.0,-1.0,-1.0,,-1,-1,-1,-1,-1,-1,,-1.0,-1.0,-1.0,1,False,21,21,21.0,0.0,0.0,0.0,0,False,0.0,0,0,0,0,,,1770246255856,1770246255856,,,0,0,0,0,0,,1,0,0,-1,8388865,C24E9EFFFE76C198,22122402108154,-1,-1,-20000.0,0,0,-1.0,-1.0,0,-20000.0,-1.0,-1,False,com.xiaomi.hm.health,-1,0,,"0,94;300,113;78,132;639,151;759,170;3,189",-1,-1,-1,,-1,,,,,,,,,2026-02-04 19:06:55
1770065178,run.8388865.huami.com,0.0,152.0,1770066227,1049,0.0,0.0,123.0,16,eycef5u5rqjk,,-1,0:MILI:8388865:0.110.18.2,0.0,0.0,16,-1,-1,0,0,0,-20000,-20000,-1,,-1,0,0,-1,0,-1,-1,-1,,-1,150,107,-1,-1,-1,-1.0,-1.0,-1.0,-1,17,-1,0,"{""upload_gps_permission"":""allow""}",0,-1,-1,-1,-1,-1,-1,-1,{},0,0,0,-1,-1,0,-1,0,,,0,0,-20000.0,-1,-274.0,-274.0,-274.0,20,-1,-1.0,-1.0,-1.0,-361,-1,-1.0,-1.0,-1.0,,-1,-1,-1,-1,-1,-1,,-1.0,-1.0,-1.0,1,False,21,21,21.0,0.0,0.0,0.0,0,False,0.0,0,0,0,0,,,1770152655015,1770152655015,,,0,0,0,0,0,,1,0,0,-1,8388865,C24E9EFFFE76C198,22122402108154,-1,-1,-20000.0,0,0,-1.0,-1.0,0,-20000.0,-1.0,-1,False,com.xiaomi.hm.health,-1,0,,"0,94;223,113;554,132;250,151;0,170;0,189",-1,-1,-1,,-1,,,,0.0,,,,,2026-02-02 20:46:18
1770063349,run.8388865.huami.com,4140.0,325.0,1770065152,1803,0.435507,143.0,140.0,8,eycef5u5rqjk,,-1,0:MILI:8388865:0.110.18.2,0.248545,0.0,16,-1,-1,4285,96,164,-20000,-20000,-1,,-1,0,0,-1,0,-1,-1,-1,,-1,170,78,-1,-1,-1,-1.0,-1.0,-1.0,-1,30,-1,0,"{""upload_gps_permission"":""allow""}",0,-1,-1,-1,-1,-1,-1,-1,{},0,143,164,-1,-1,0,-1,0,,,0,0,-20000.0,-1,-274.0,-274.0,-274.0,76,-1,-1.0,-1.0,-1.0,-361,-1,-1.0,-1.0,-1.0,,-1,-1,-1,-1,-1,-1,,-1.0,-1.0,-1.0,1,False,21,21,21.0,0.0,0.0,0.0,0,False,0.0,0,0,0,0,,,1770152656374,1770152656374,,,0,0,0,0,0,,2,0,0,-1,8388865,C24E9EFFFE76C198,22122402108154,-1,-1,-20000.0,0,0,-1.0,-1.0,0,-20000.0,-1.0,-1,False,com.xiaomi.hm.health,-1,0,,"71,94;287,113;111,132;521,151;808,170;0,189",-1,-1,-1,,-1,,,,,,,,,2026-02-02 20:15:49
1769869250,run.8388865.huami.com,0.0,192.0,1769870345,1095,0.0,0.0,138.0,16,eycef5u69qq6,,-1,0:MILI:8388865:0.110.18.2,0.0,0.0,16,-1,-1,0,0,0,-20000,-20000,-1,,-1,0,0,-1,0,-1,-1,-1,,-1,168,121,-1,-1,-1,-1.0,-1.0,-1.0,-1,23,-1,0,"{""upload_gps_permission"":""allow""}",0,-1,-1,-1,-1,-1,-1,-1,{},0,0,0,-1,-1,0,-1,0,,,0,0,-20000.0,-1,-274.0,-274.0,-274.0,41,-1,-1.0,-1.0,-1.0,-361,-1,-1.0,-1.0,-1.0,,-1,-1,-1,-1,-1,-1,,-1.0,-1.0,-1.0,1,False,21,21,21.0,0.0,0.0,0.0,0,False,0.0,0,0,0,0,,,1769952858587,1769952858587,,,0,0,0,0,0,,1,0,0,-1,8388865,C24E9EFFFE76C198,22122402108154,-1,-1,-20000.0,0,0,-1.0,-1.0,0,-20000.0,-1.0,-1,False,com.xiaomi.hm.health,-1,0,,"0,94;0,113;249,132;757,151;68,170;0,189",-1,-1,-1,,-1,,,,0.0,,,,,2026-01-31 14:20:50
1769866807,run.8388865.huami.com,6370.0,561.0,1769869216,2409,0.378179,155.0,167.0,8,eycef5u69qq6,,-1,0:MILI:8388865:0.110.18.2,0.338983,0.0,16,-1,-1,6222,102,164,-20000,-20000,-1,,-1,0,0,-1,0,-1,-1,-1,,-1,192,109,-1,-1,-1,-1.0,-1.0,-1.0,-1,44,-1,0,"{""upload_gps_permission"":""allow""}",0,-1,-1,-1,-1,-1,-1,-1,{},0,155,164,-1,-1,0,-1,0,,,0,0,-20000.0,-1,-274.0,-274.0,-274.0,205,-1,-1.0,-1.0,-1.0,-361,-1,-1.0,-1.0,-1.0,,-1,-1,-1,-1,-1,-1,,-1.0,-1.0,-1.0,1,False,21,21,21.0,0.0,0.0,0.0,0,False,0.0,0,0,0,0,,,1769952859520,1769952859520,,,0,0,0,0,0,,18,0,0,-1,8388865,C24E9EFFFE76C198,22122402108154,-1,-1,-20000.0,0,0,-1.0,-1.0,0,-20000.0,-1.0,-1,False,com.xiaomi.hm.health,-1,0,,"0,94;3,113;30,132;309,151;913,170;1132,189",-1,-1,-1,,-1,,,,,,,,,2026-01-31 13:40:07
1769866469,run.8388865.huami.com,500.0,31.0,1769866775,306,0.612,114.0,101.0,8,eycef5u69qq6,,-1,0:MILI:8388865:0.110.18.2,0.5699,0.0,16,-1,-1,583,85,121,-20000,-20000,-1,,-1,0,0,-1,0,-1,-1,-1,,-1,114,78,-1,-1,-1,-1.0,-1.0,-1.0,-1,1,-1,0,"{""upload_gps_permission"":""allow""}",0,-1,-1,-1,-1,-1,-1,-1,{},0,114,121,-1,-1,0,-1,0,,,0,0,-20000.0,-1,-274.0,-274.0,-274.0,2,-1,-1.0,-1.0,-1.0,-361,-1,-1.0,-1.0,-1.0,,-1,-1,-1,-1,-1,-1,,-1.0,-1.0,-1.0,1,False,21,21,21.0,0.0,0.0,0.0,0,False,0.0,0,0,0,0,,,1769952859040,1769952859040,,,0,0,0,0,0,,0,0,0,-1,8388865,C24E9EFFFE76C198,22122402108154,-1,-1,-20000.0,0,0,-1.0,-1.0,0,-20000.0,-1.0,-1,False,com.xiaomi.hm.health,-1,0,,"55,94;242,113;5,132;0,151;0,170;0,189",-1,-1,-1,,-1,,,,,,,,,2026-01-31 13:34:29
1769633254,run.8388865.huami.com,0.0,166.0,1769634174,920,0.0,0.0,141.0,16,eycef5u5rrk6,,-1,0:MILI:8388865:0.110.18.2,0.0,0.0,16,-1,-1,0,0,0,-20000,-20000,-1,,-1,0,0,-1,0,-1,-1,-1,,-1,166,127,-1,-1,-1,-1.0,-1.0,-1.0,-1,26,-1,0,"{""upload_gps_permission"":""allow""}",0,-1,-1,-1,-1,-1,-1,-1,{},0,0,0,-1,-1,0,-1,0,,,0,0,-20000.0,-1,-274.0,-274.0,-274.0,43,-1,-1.0,-1.0,-1.0,-361,-1,-1.0,-1.0,-1.0,,-1,-1,-1,-1,-1,-1,,-1.0,-1.0,-1.0,1,False,21,21,21.0,0.0,0.0,0.0,0,False,0.0,0,0,0,0,,,1769643679610,1769643679610,,,0,0,0,0,0,,2,0,0,-1,8388865,C24E9EFFFE76C198,22122402108154,-1,-1,-20000.0,0,0,-1.0,-1.0,0,-20000.0,-1.0,-1,False,com.xiaomi.hm.health,-1,0,,"0,94;0,113;155,132;605,151;137,170;0,189",-1,-1,-1,,-1,,,,0.0,,,,,2026-01-28 20:47:34
1769631430,run.8388865.huami.com,4270.0,327.0,1769633223,1793,0.419906,148.0,141.0,8,eycef5u5rrk6,,-1,0:MILI:8388865:0.110.18.2,0.358591,0.0,16,-1,-1,4423,96,160,-20000,-20000,-1,,-1,0,0,-1,0,-1,-1,-1,,-1,176,91,-1,-1,-1,-1.0,-1.0,-1.0,-1,32,-1,0,"{""upload_gps_permission"":""allow""}",0,-1,-1,-1,-1,-1,-1,-1,{},0,148,160,-1,-1,0,-1,0,,,0,0,-20000.0,-1,-274.0,-274.0,-274.0,80,-1,-1.0,-1.0,-1.0,-361,-1,-1.0,-1.0,-1.0,,-1,-1,-1,-1,-1,-1,,-1.0,-1.0,-1.0,1,False,21,21,21.0,0.0,0.0,0.0,0,False,0.0,0,0,0,0,,,1769643679972,1769643679972,,,0,0,0,0,0,,2,0,0,-1,8388865,C24E9EFFFE76C198,22122402108154,-1,-1,-20000.0,0,0,-1.0,-1.0,0,-20000.0,-1.0,-1,False,com.xiaomi.hm.health,-1,0,,"2,94;289,113;160,132;618,151;593,170;110,189",-1,-1,-1,,-1,,,,,,,,,2026-01-28 20:17:10
1769267435,run.8388865.huami.com,0.0,177.0,1769268434,999,0.0,0.0,140.0,16,eycef5u5w2sx,,-1,0:MILI:8388865:0.110.18.2,0.0,0.0,16,-1,-1,0,0,0,-20000,-20000,-1,,-1,0,0,-1,0,-1,-1,-1,,-1,170,115,-1,-1,-1,-1.0,-1.0,-1.0,-1,26,-1,0,"{""upload_gps_permission"":""allow""}",0,-1,-1,-1,-1,-1,-1,-1,{},0,0,0,-1,-1,0,-1,0,,,0,0,-20000.0,-1,-274.0,-274.0,-274.0,49,-1,-1.0,-1.0,-1.0,-361,-1,-1.0,-1.0,-1.0,,-1,-1,-1,-1,-1,-1,,-1.0,-1.0,-1.0,1,False,21,21,21.0,0.0,0.0,0.0,0,False,0.0,0,0,0,0,,,1769364255319,1769364255319,,,0,0,0,0,0,,10,0,0,-1,8388865,C24E9EFFFE76C198,22122402108154,-1,-1,-20000.0,0,0,-1.0,-1.0,0,-20000.0,-1.0,-1,False,com.xiaomi.hm.health,-1,0,,"0,94;0,113;231,132;585,151;161,170;0,189",-1,-1,-1,,-1,,,,0.0,,,,,2026-01-24 15:10:35
1769264860,run.8388865.huami.com,6000.0,482.0,1769267392,2532,0.422,146.0,147.0,8,eycef5u5w2sx,,-1,0:MILI:8388865:0.110.18.2,0.353546,0.0,16,-1,-1,6145,97,164,-20000,-20000,-1,,-1,0,0,-1,0,-1,-1,-1,,-1,197,90,-1,-1,-1,-1.0,-1.0,-1.0,-1,48,-1,0,"{""upload_gps_permission"":""allow""}",0,-1,-1,-1,-1,-1,-1,-1,{},0,146,164,-1,-1,0,-1,0,,,0,0,-20000.0,-1,-274.0,-274.0,-274.0,182,-1,-1.0,-1.0,-1.0,-361,-1,-1.0,-1.0,-1.0,,-1,-1,-1,-1,-1,-1,,-1.0,-1.0,-1.0,1,False,21,21,21.0,0.0,0.0,0.0,0,False,0.0,0,0,0,0,,,1769364256103,1769364256103,,,0,0,0,0,0,,24,0,0,-1,8388865,C24E9EFFFE76C198,22122402108154,-1,-1,-20000.0,0,0,-1.0,-1.0,0,-20000.0,-1.0,-1,False,com.xiaomi.hm.health,-1,0,,"38,94;522,113;90,132;537,151;776,170;548,189",-1,-1,-1,,-1,,,,,,,,,2026-01-24 14:27:40
